<?xml version="1.0" encoding="UTF-8"?>
<objects serializationModel="Studio.02.01.00">
	<object class="EncodingSetting" id="{5dee9549-c247-4633-9dd8-1b760088e063}">
		<property name="encodingFormat">
			<value>3</value>
		</property>
		<property name="quality">
			<value>37</value>
		</property>
		<relationship name="platform">
			<destination>{1402956c-cbed-4690-8778-806692098b63}</destination>
		</relationship>
		<relationship name="encodable">
			<destination>{1402956c-cbed-4690-8778-806692098b63}</destination>
		</relationship>
	</object>
</objects>
