<?xml version="1.0" encoding="UTF-8"?>
<objects serializationModel="Studio.02.01.00">
	<object class="AudioFile" id="{126e5e55-dac3-4e45-b498-63987666011a}">
		<property name="assetPath">
			<value>normal.mp3</value>
		</property>
		<property name="isStreaming">
			<value>true</value>
		</property>
		<property name="frequencyInKHz">
			<value>44.0999985</value>
		</property>
		<property name="channelCount">
			<value>2</value>
		</property>
		<property name="length">
			<value>15.621224489795919</value>
		</property>
		<relationship name="masterAssetFolder">
			<destination>{ec89ff7f-45c5-4fe6-992c-357f8ee382dc}</destination>
		</relationship>
	</object>
</objects>
