<?xml version="1.0" encoding="UTF-8"?>
<objects serializationModel="Studio.02.01.00">
	<object class="AudioFile" id="{d8061d56-f76d-4cb5-8d8a-eacc47feee38}">
		<property name="assetPath">
			<value>scary.mp3</value>
		</property>
		<property name="isStreaming">
			<value>true</value>
		</property>
		<property name="frequencyInKHz">
			<value>44.0999985</value>
		</property>
		<property name="channelCount">
			<value>2</value>
		</property>
		<property name="length">
			<value>13.165714285714285</value>
		</property>
		<relationship name="masterAssetFolder">
			<destination>{ec89ff7f-45c5-4fe6-992c-357f8ee382dc}</destination>
		</relationship>
	</object>
</objects>
