<?xml version="1.0" encoding="UTF-8"?>
<objects serializationModel="Studio.02.01.00">
	<object class="Event" id="{315762b6-0b58-4885-a3c2-3455a75779aa}">
		<property name="name">
			<value>Scary</value>
		</property>
		<property name="outputFormat">
			<value>1</value>
		</property>
		<relationship name="folder">
			<destination>{a28c5e12-54b4-42c1-b37e-f6e46584b638}</destination>
		</relationship>
		<relationship name="mixer">
			<destination>{4e04d1cc-0f52-44b9-9e39-a249c44386e6}</destination>
		</relationship>
		<relationship name="masterTrack">
			<destination>{d34d6e89-ed06-4293-a2cd-53f65962b5ab}</destination>
		</relationship>
		<relationship name="mixerInput">
			<destination>{9ce54356-659c-4410-900b-f1f406d4b200}</destination>
		</relationship>
		<relationship name="automatableProperties">
			<destination>{2669c6a1-7a37-488c-bf5f-8c29d6bf0e2f}</destination>
		</relationship>
		<relationship name="markerTracks">
			<destination>{699de03d-a5ff-435d-adc4-6d1f71e66578}</destination>
		</relationship>
		<relationship name="groupTracks">
			<destination>{a271c2e7-3f21-4db1-a637-21bca61a5638}</destination>
			<destination>{b84aff01-94eb-4b5d-ae9f-3d2de7bc953e}</destination>
		</relationship>
		<relationship name="timeline">
			<destination>{a286c26b-5a23-423d-8467-48b5e65a104f}</destination>
		</relationship>
		<relationship name="parameters">
			<destination>{247b3c2a-491b-4855-a393-0036af456f45}</destination>
		</relationship>
		<relationship name="banks">
			<destination>{c71d9505-efb1-4bbf-a852-f32aee566386}</destination>
		</relationship>
	</object>
	<object class="EventMixer" id="{4e04d1cc-0f52-44b9-9e39-a249c44386e6}">
		<relationship name="masterBus">
			<destination>{06bd5c91-f14e-436c-b48e-2d5d8470f05e}</destination>
		</relationship>
	</object>
	<object class="MasterTrack" id="{d34d6e89-ed06-4293-a2cd-53f65962b5ab}">
		<relationship name="mixerGroup">
			<destination>{06bd5c91-f14e-436c-b48e-2d5d8470f05e}</destination>
		</relationship>
	</object>
	<object class="MixerInput" id="{9ce54356-659c-4410-900b-f1f406d4b200}">
		<relationship name="effectChain">
			<destination>{bbf79a03-710b-4031-85db-d27c93aa58ef}</destination>
		</relationship>
		<relationship name="panner">
			<destination>{2882d774-72e5-41ce-a8fc-1da1c565fd9f}</destination>
		</relationship>
		<relationship name="output">
			<destination>{bb407ba9-78f1-4105-ba94-7de95e1352c5}</destination>
		</relationship>
	</object>
	<object class="EventAutomatableProperties" id="{2669c6a1-7a37-488c-bf5f-8c29d6bf0e2f}" />
	<object class="MarkerTrack" id="{699de03d-a5ff-435d-adc4-6d1f71e66578}" />
	<object class="GroupTrack" id="{a271c2e7-3f21-4db1-a637-21bca61a5638}">
		<relationship name="automationTracks">
			<destination>{8a070fd7-f6e1-42b1-a5fe-64db9361705a}</destination>
			<destination>{90351a29-06b0-4c9a-9eba-e4a3d1bb99eb}</destination>
		</relationship>
		<relationship name="modules">
			<destination>{6e22b273-c344-4b1b-b437-4960501d6553}</destination>
		</relationship>
		<relationship name="mixerGroup">
			<destination>{46d4b06d-1063-4269-8625-560813fac161}</destination>
		</relationship>
	</object>
	<object class="GroupTrack" id="{b84aff01-94eb-4b5d-ae9f-3d2de7bc953e}">
		<relationship name="automationTracks">
			<destination>{58520812-bbb6-44b9-848e-3cf9e337fa56}</destination>
		</relationship>
		<relationship name="modules">
			<destination>{d97c92fc-391d-40eb-81bf-a0341889e236}</destination>
		</relationship>
		<relationship name="mixerGroup">
			<destination>{a80a1f71-f42c-45c6-a1ce-640e0e0263a0}</destination>
		</relationship>
	</object>
	<object class="Timeline" id="{a286c26b-5a23-423d-8467-48b5e65a104f}">
		<relationship name="modules">
			<destination>{6e22b273-c344-4b1b-b437-4960501d6553}</destination>
			<destination>{d97c92fc-391d-40eb-81bf-a0341889e236}</destination>
		</relationship>
		<relationship name="markers">
			<destination>{4dd0944b-f937-4932-bd88-f58adfc6a53c}</destination>
		</relationship>
	</object>
	<object class="ParameterProxy" id="{247b3c2a-491b-4855-a393-0036af456f45}">
		<relationship name="preset">
			<destination>{fbfd50a6-3d6f-40d7-9662-7850e05c59fb}</destination>
		</relationship>
	</object>
	<object class="EventMixerMaster" id="{06bd5c91-f14e-436c-b48e-2d5d8470f05e}">
		<relationship name="effectChain">
			<destination>{1819f81c-ef5d-4f39-a617-73b3aef1ed6c}</destination>
		</relationship>
		<relationship name="panner">
			<destination>{b10dc759-a93b-407a-9c56-29cd7fe20900}</destination>
		</relationship>
		<relationship name="mixer">
			<destination>{4e04d1cc-0f52-44b9-9e39-a249c44386e6}</destination>
		</relationship>
	</object>
	<object class="MixerBusEffectChain" id="{bbf79a03-710b-4031-85db-d27c93aa58ef}">
		<relationship name="effects">
			<destination>{9ff6fc6e-d8e0-4900-bff0-f2ac37444cc8}</destination>
		</relationship>
	</object>
	<object class="MixerBusPanner" id="{2882d774-72e5-41ce-a8fc-1da1c565fd9f}" />
	<object class="AutomationTrack" id="{8a070fd7-f6e1-42b1-a5fe-64db9361705a}">
		<relationship name="automator">
			<destination>{1f3dab0f-8de7-4154-b5d3-21800f81e116}</destination>
		</relationship>
	</object>
	<object class="AutomationTrack" id="{90351a29-06b0-4c9a-9eba-e4a3d1bb99eb}">
		<relationship name="automator">
			<destination>{4b780806-e934-4656-a66f-ebeb815e376a}</destination>
		</relationship>
	</object>
	<object class="SingleSound" id="{6e22b273-c344-4b1b-b437-4960501d6553}">
		<property name="length">
			<value>15.621224489795919</value>
		</property>
		<relationship name="audioFile">
			<destination>{126e5e55-dac3-4e45-b498-63987666011a}</destination>
		</relationship>
	</object>
	<object class="EventMixerGroup" id="{46d4b06d-1063-4269-8625-560813fac161}">
		<property name="name">
			<value>Audio 1</value>
		</property>
		<relationship name="automators">
			<destination>{1f3dab0f-8de7-4154-b5d3-21800f81e116}</destination>
		</relationship>
		<relationship name="effectChain">
			<destination>{0ad85abc-1b9d-4235-b047-9973d0bfadad}</destination>
		</relationship>
		<relationship name="panner">
			<destination>{7c971650-587e-47ec-9388-337315c4289a}</destination>
		</relationship>
		<relationship name="output">
			<destination>{06bd5c91-f14e-436c-b48e-2d5d8470f05e}</destination>
		</relationship>
	</object>
	<object class="AutomationTrack" id="{58520812-bbb6-44b9-848e-3cf9e337fa56}">
		<relationship name="automator">
			<destination>{fecf919d-ce57-40b3-9b5c-cf13b970f3a8}</destination>
		</relationship>
	</object>
	<object class="SingleSound" id="{d97c92fc-391d-40eb-81bf-a0341889e236}">
		<property name="length">
			<value>13.165714285714285</value>
		</property>
		<relationship name="audioFile">
			<destination>{d8061d56-f76d-4cb5-8d8a-eacc47feee38}</destination>
		</relationship>
	</object>
	<object class="EventMixerGroup" id="{a80a1f71-f42c-45c6-a1ce-640e0e0263a0}">
		<property name="name">
			<value>Audio 2</value>
		</property>
		<relationship name="automators">
			<destination>{fecf919d-ce57-40b3-9b5c-cf13b970f3a8}</destination>
		</relationship>
		<relationship name="effectChain">
			<destination>{a2897709-f3a0-451d-8b42-c424b5f14028}</destination>
		</relationship>
		<relationship name="panner">
			<destination>{f3e83f25-6d02-430c-8935-088fd45ebf9c}</destination>
		</relationship>
		<relationship name="output">
			<destination>{06bd5c91-f14e-436c-b48e-2d5d8470f05e}</destination>
		</relationship>
	</object>
	<object class="LoopRegion" id="{4dd0944b-f937-4932-bd88-f58adfc6a53c}">
		<property name="position">
			<value>6.5</value>
		</property>
		<property name="length">
			<value>6.5</value>
		</property>
		<relationship name="timeline">
			<destination>{a286c26b-5a23-423d-8467-48b5e65a104f}</destination>
		</relationship>
		<relationship name="markerTrack">
			<destination>{699de03d-a5ff-435d-adc4-6d1f71e66578}</destination>
		</relationship>
	</object>
	<object class="MixerBusEffectChain" id="{1819f81c-ef5d-4f39-a617-73b3aef1ed6c}">
		<relationship name="effects">
			<destination>{cc7ce563-aa12-4e01-a0de-cc707e9a9420}</destination>
		</relationship>
	</object>
	<object class="MixerBusPanner" id="{b10dc759-a93b-407a-9c56-29cd7fe20900}">
		<property name="stereoPan">
			<value>26</value>
		</property>
	</object>
	<object class="MixerBusFader" id="{9ff6fc6e-d8e0-4900-bff0-f2ac37444cc8}" />
	<object class="Automator" id="{1f3dab0f-8de7-4154-b5d3-21800f81e116}">
		<property name="nameOfPropertyBeingAutomated">
			<value>volume</value>
		</property>
		<relationship name="automationCurves">
			<destination>{aae4bf8a-173e-4b34-9bf9-06486a4c0077}</destination>
		</relationship>
	</object>
	<object class="MixerBusEffectChain" id="{0ad85abc-1b9d-4235-b047-9973d0bfadad}">
		<relationship name="effects">
			<destination>{9c257cf8-fbc1-4572-8ec5-c307178d7dc7}</destination>
			<destination>{1a5e8f9e-65fc-4f34-9e78-3b313a7e3d04}</destination>
		</relationship>
	</object>
	<object class="MixerBusPanner" id="{7c971650-587e-47ec-9388-337315c4289a}" />
	<object class="Automator" id="{fecf919d-ce57-40b3-9b5c-cf13b970f3a8}">
		<property name="nameOfPropertyBeingAutomated">
			<value>volume</value>
		</property>
		<relationship name="automationCurves">
			<destination>{9c550d0c-77aa-470a-b5db-fcaa2e650d8e}</destination>
		</relationship>
	</object>
	<object class="MixerBusEffectChain" id="{a2897709-f3a0-451d-8b42-c424b5f14028}">
		<relationship name="effects">
			<destination>{80c6f665-ac08-47bb-86ec-edbf564c5310}</destination>
		</relationship>
	</object>
	<object class="MixerBusPanner" id="{f3e83f25-6d02-430c-8935-088fd45ebf9c}">
		<property name="stereoPan">
			<value>-100</value>
		</property>
	</object>
	<object class="MixerBusFader" id="{cc7ce563-aa12-4e01-a0de-cc707e9a9420}" />
	<object class="AutomationCurve" id="{aae4bf8a-173e-4b34-9bf9-06486a4c0077}">
		<relationship name="parameter">
			<destination>{fbfd50a6-3d6f-40d7-9662-7850e05c59fb}</destination>
		</relationship>
		<relationship name="automationPoints">
			<destination>{9b07e11c-aa7b-480b-bb15-ad25f7259c68}</destination>
			<destination>{1bedcd17-d0d1-4497-8953-b0334fd974bd}</destination>
			<destination>{1ef0b3dd-a730-4230-8302-9129ab9f2f42}</destination>
		</relationship>
	</object>
	<object class="SFXReverbEffect" id="{9c257cf8-fbc1-4572-8ec5-c307178d7dc7}">
		<property name="decayTime">
			<value>5000</value>
		</property>
		<property name="HFDecayRatio">
			<value>40.5</value>
		</property>
		<property name="density">
			<value>79.5</value>
		</property>
		<property name="wetLevel">
			<value>-15</value>
		</property>
		<relationship name="automators">
			<destination>{4b780806-e934-4656-a66f-ebeb815e376a}</destination>
		</relationship>
	</object>
	<object class="MixerBusFader" id="{1a5e8f9e-65fc-4f34-9e78-3b313a7e3d04}" />
	<object class="AutomationCurve" id="{9c550d0c-77aa-470a-b5db-fcaa2e650d8e}">
		<relationship name="parameter">
			<destination>{fbfd50a6-3d6f-40d7-9662-7850e05c59fb}</destination>
		</relationship>
		<relationship name="automationPoints">
			<destination>{a89746dd-9c70-457f-b73a-b886dd2d2a00}</destination>
			<destination>{b507dfac-0243-4854-a728-5b38828f3bef}</destination>
		</relationship>
	</object>
	<object class="MixerBusFader" id="{80c6f665-ac08-47bb-86ec-edbf564c5310}" />
	<object class="AutomationPoint" id="{9b07e11c-aa7b-480b-bb15-ad25f7259c68}">
		<property name="position">
			<value>810</value>
		</property>
		<property name="value">
			<value>-75</value>
		</property>
		<property name="curveShape">
			<value>-0.226724237</value>
		</property>
	</object>
	<object class="AutomationPoint" id="{1bedcd17-d0d1-4497-8953-b0334fd974bd}">
		<property name="position">
			<value>1050</value>
		</property>
		<property name="value">
			<value>0</value>
		</property>
	</object>
	<object class="AutomationPoint" id="{1ef0b3dd-a730-4230-8302-9129ab9f2f42}">
		<property name="position">
			<value>868.96551433951151</value>
		</property>
		<property name="value">
			<value>-20</value>
		</property>
	</object>
	<object class="Automator" id="{4b780806-e934-4656-a66f-ebeb815e376a}">
		<property name="nameOfPropertyBeingAutomated">
			<value>wetLevel</value>
		</property>
		<relationship name="automationCurves">
			<destination>{0da86cd6-44c2-42d4-98f3-02e85ab9b7c7}</destination>
		</relationship>
	</object>
	<object class="AutomationPoint" id="{a89746dd-9c70-457f-b73a-b886dd2d2a00}">
		<property name="position">
			<value>850</value>
		</property>
		<property name="value">
			<value>-8</value>
		</property>
		<property name="curveShape">
			<value>0.515013754</value>
		</property>
	</object>
	<object class="AutomationPoint" id="{b507dfac-0243-4854-a728-5b38828f3bef}">
		<property name="position">
			<value>1090</value>
		</property>
		<property name="value">
			<value>-80</value>
		</property>
	</object>
	<object class="AutomationCurve" id="{0da86cd6-44c2-42d4-98f3-02e85ab9b7c7}">
		<relationship name="parameter">
			<destination>{fbfd50a6-3d6f-40d7-9662-7850e05c59fb}</destination>
		</relationship>
		<relationship name="automationPoints">
			<destination>{38a7f30c-29b7-44cb-8129-d565290b8e46}</destination>
			<destination>{f98ceb68-cd8a-4a7b-b9de-84ecff09539a}</destination>
			<destination>{6578de57-5b91-4848-b667-ef18698a3ebf}</destination>
		</relationship>
	</object>
	<object class="AutomationPoint" id="{38a7f30c-29b7-44cb-8129-d565290b8e46}">
		<property name="position">
			<value>810</value>
		</property>
		<property name="value">
			<value>6</value>
		</property>
		<property name="curveShape">
			<value>1</value>
		</property>
	</object>
	<object class="AutomationPoint" id="{f98ceb68-cd8a-4a7b-b9de-84ecff09539a}">
		<property name="position">
			<value>1050</value>
		</property>
		<property name="value">
			<value>-70</value>
		</property>
	</object>
	<object class="AutomationPoint" id="{6578de57-5b91-4848-b667-ef18698a3ebf}">
		<property name="position">
			<value>970</value>
		</property>
		<property name="value">
			<value>-12</value>
		</property>
		<property name="curveShape">
			<value>1</value>
		</property>
	</object>
</objects>
