<?xml version="1.0" encoding="UTF-8"?>
<objects serializationModel="Studio.02.01.00">
	<object class="ParameterPreset" id="{9c75c3ee-9e6c-4655-98e7-ab8e32848b50}">
		<property name="name">
			<value>Scariness</value>
		</property>
		<relationship name="folder">
			<destination>{0c4c8962-2c2b-4a77-979b-b11558e40424}</destination>
		</relationship>
		<relationship name="parameter">
			<destination>{fbfd50a6-3d6f-40d7-9662-7850e05c59fb}</destination>
		</relationship>
	</object>
	<object class="GameParameter" id="{fbfd50a6-3d6f-40d7-9662-7850e05c59fb}">
		<property name="maximum">
			<value>1200</value>
		</property>
		<property name="initialValue">
			<value>1100</value>
		</property>
	</object>
</objects>
