<?xml version="1.0" encoding="UTF-8"?>
<objects serializationModel="Studio.02.01.00">
	<object class="MixerReturn" id="{78d4a93e-79c4-4692-843b-c1de6f8175e6}">
		<property name="overridingInputFormat">
			<value>2</value>
		</property>
		<property name="name">
			<value>Reverb</value>
		</property>
		<relationship name="effectChain">
			<destination>{ee3709ab-de9b-4a3d-b731-263c4018281d}</destination>
		</relationship>
		<relationship name="panner">
			<destination>{eec5dfec-3a74-4848-be98-e63011a5f53f}</destination>
		</relationship>
		<relationship name="output">
			<destination>{bb407ba9-78f1-4105-ba94-7de95e1352c5}</destination>
		</relationship>
	</object>
	<object class="MixerBusEffectChain" id="{ee3709ab-de9b-4a3d-b731-263c4018281d}">
		<relationship name="effects">
			<destination>{1e71cfcc-5663-4d65-9d09-7ce6dc219dd7}</destination>
			<destination>{cc97d2fe-907e-4d25-af03-52583bf3d54e}</destination>
		</relationship>
	</object>
	<object class="MixerBusPanner" id="{eec5dfec-3a74-4848-be98-e63011a5f53f}" />
	<object class="SFXReverbEffect" id="{1e71cfcc-5663-4d65-9d09-7ce6dc219dd7}">
		<property name="wetLevel">
			<value>0</value>
		</property>
		<property name="dryLevel">
			<value>-80</value>
		</property>
	</object>
	<object class="MixerBusFader" id="{cc97d2fe-907e-4d25-af03-52583bf3d54e}" />
</objects>
