<?xml version="1.0" encoding="UTF-8"?>
<objects serializationModel="Studio.02.01.00">
	<object class="MixerMaster" id="{bb407ba9-78f1-4105-ba94-7de95e1352c5}">
		<property name="name">
			<value>Master Bus</value>
		</property>
		<relationship name="effectChain">
			<destination>{ef2c1832-4371-4514-90b1-57f50f498038}</destination>
		</relationship>
		<relationship name="panner">
			<destination>{07bf7014-09af-4c2b-8009-994672a90d1e}</destination>
		</relationship>
		<relationship name="mixer">
			<destination>{feb59b71-321f-4816-bc73-d3a4914317e7}</destination>
		</relationship>
	</object>
	<object class="MixerBusEffectChain" id="{ef2c1832-4371-4514-90b1-57f50f498038}">
		<relationship name="effects">
			<destination>{31c3f540-8211-4ea0-a3c9-feb9e16902c5}</destination>
		</relationship>
	</object>
	<object class="MixerBusPanner" id="{07bf7014-09af-4c2b-8009-994672a90d1e}">
		<property name="overridingOutputFormat">
			<value>2</value>
		</property>
	</object>
	<object class="MixerBusFader" id="{31c3f540-8211-4ea0-a3c9-feb9e16902c5}" />
</objects>
