<?xml version="1.0" encoding="UTF-8"?>
<objects serializationModel="Studio.02.01.00">
	<object class="Workspace" id="{0e65ad79-dc7e-4eff-9fb0-1b4b229fe711}">
		<relationship name="masterEventFolder">
			<destination>{a28c5e12-54b4-42c1-b37e-f6e46584b638}</destination>
		</relationship>
		<relationship name="masterTagFolder">
			<destination>{043f1bf3-1920-4bf0-9678-0e043a79f356}</destination>
		</relationship>
		<relationship name="masterEffectPresetFolder">
			<destination>{55d7289b-1ac4-4a06-9723-db2584436df3}</destination>
		</relationship>
		<relationship name="masterParameterPresetFolder">
			<destination>{0c4c8962-2c2b-4a77-979b-b11558e40424}</destination>
		</relationship>
		<relationship name="masterBankFolder">
			<destination>{ddcf3c5e-5cda-415e-bfca-ed47ef35f300}</destination>
		</relationship>
		<relationship name="masterSandboxFolder">
			<destination>{6d93cbdb-5f3b-4010-87b7-d6de88650df8}</destination>
		</relationship>
		<relationship name="masterAssetFolder">
			<destination>{ec89ff7f-45c5-4fe6-992c-357f8ee382dc}</destination>
		</relationship>
		<relationship name="mixer">
			<destination>{feb59b71-321f-4816-bc73-d3a4914317e7}</destination>
		</relationship>
		<relationship name="profilerSessionFolder">
			<destination>{6e9a28f6-1de1-414b-aac9-675ddf3b2e1e}</destination>
		</relationship>
		<relationship name="platforms">
			<destination>{1402956c-cbed-4690-8778-806692098b63}</destination>
		</relationship>
	</object>
</objects>
